PCA1,PCA2,PCA3,PCA4,PCA5,PCA6,PCA7,PCA8,PCA9
-8.126575748079087,-2.138915274969658,-3.966428410905233,-0.06081431196526945,0.02813844308261453,3.0375201107662644,1.5039745746525617,-4.177647267430144,1.789402091390173
-10.565504848934145,0.5406601810338317,-4.61645122208275,-0.5653681791040565,-2.784017812658605,1.2279190787470617,3.0558408494580513,-4.54265937722517,1.7346447329843269
-11.026152346969178,4.167419448500096,-1.9053759012655296,0.7819453769339452,-3.8868776549570927,-0.31334856537480066,0.39845774949173757,-5.369374382283116,-0.03674710019425055
-10.95161276230225,4.408961616613216,1.2811369795944454,-0.7494956883833472,-4.026034207962722,-2.153765923479805,-0.7443342289764202,-2.707100018681721,0.44469875546134346
-11.114521925447757,2.9765808235270548,3.241645573926729,-2.0592846765614485,-3.7212816007506224,-2.714744488631721,-0.4384705651249237,-1.2424251518368463,1.4885784706339171
-9.8663812912709,1.1844845756316995,3.4959381537037495,-3.3441199608693557,-0.6298868403606966,-2.7322420718897136,-1.695128649720401,-0.5002635089054766,-1.1138007208084446
-8.766614184616332,2.5517825324035157,3.204464808990221,-2.4658250369133192,-2.219900238027874,-2.478899161614592,-0.7995573052640336,-0.3523923010072236,0.5044919313400906
-8.586325517727241,3.2894934439069474,5.444008431443818,-0.3385477095994309,-2.130025115211941,-1.8470472516202376,-2.6257382911034353,-0.030056400610728125,-0.8249288113025675
-8.562716798571373,-0.9584278050949984,5.303016627914907,2.2580441265834614,0.20510749448549748,-0.7124213525494199,-2.1483193703185344,-1.0863978402172898,0.3968124243577763
-8.731821295398916,3.894115130093336,2.1694905943828764,-1.7496745336814832,-1.3274158963581342,1.9768451867064294,-1.2654802679905623,-2.0250147566694254,-4.064948425061891
-9.479688185080658,2.5997093177576587,1.894050524686143,-3.3124900090046223,-2.113539575103547,0.69739379503496,-1.4367744145837649,-0.743297903115055,-2.6802519778996077
-9.196211763583095,0.5519825001804147,1.2463508377078216,-3.7408213733254287,-2.4904463246908044,1.7023269438523259,-0.972585169904634,-1.1913913897273571,0.010233250907886437
-8.890968671681579,1.278785327900003,1.778610695874186,-2.0718469677393414,-2.9626312405469126,0.2985568099072329,0.018127458822496317,-0.5430284023895129,-1.2089535690073576
-8.862727057157548,2.723860540795433,2.116265162621387,-1.7174807201990658,-3.460084586211202,-0.11646714589380888,-1.3823349842978432,0.8859148141271238,-1.452311932653334
-9.170159187635742,3.1005542857629953,2.5458839183441317,-2.5655025361285775,-4.335499401258299,0.5184361628150269,-0.9669792578434574,1.1074160820072683,-1.7122202035004601
-9.231612327515453,1.904981450470815,2.9174551222470035,-1.8970945649032145,-3.1149044948864004,0.23053501612241556,-1.619993072318919,0.21703294109397758,-1.3254823773938216
-8.78277947116308,0.3462504030341292,2.3954656828089744,0.10146460135895877,-3.275164801020741,1.9650586222043678,-1.5023027147963623,-0.39872801530335406,-1.5407142588696903
-7.1330051751000925,0.26705271455553364,2.150981436488608,-0.6692974046109268,-4.159737853709766,1.547463749099695,-1.6284819392678795,0.29253875203615864,-0.5803559049884961
-6.606766222435772,-6.027426538490088,-1.3755711918749374,-1.6785095716359653,-0.4941304084026725,1.2079626153565644,-3.2061492630054698,0.4997437723884434,0.9645109250155841
-7.209118009057135,-1.223772008073718,3.6649331880420264,-0.20927676817394938,0.1086462920975411,-1.5084884308428077,-3.579654985117454,1.530617608780211,-1.5328583630289334
-5.405986438389406,-1.5259395739143504,5.033815424544857,0.6341066663346852,1.7751666468533496,-0.07275874423461201,-3.0941463915857303,0.7273544342812913,-0.13729152655361257
-5.347245456601665,-3.771476636454243,3.885300918140246,1.5360832914597191,4.259804112692534,-0.22984068013821798,-1.2423598122295496,0.3605739081561012,-3.5134672144926036
-6.131910561894017,-5.839501837379607,3.02339423460877,1.6683444802117096,4.030986517858487,-0.03900234934105114,-0.7270521170220684,-0.46338728490354897,-5.235870072771945
-8.320612091670826,-0.37310062838667857,-2.599378421129347,1.729545147384434,3.1992073704269255,0.47871650784616876,-0.7641928975975074,-1.1876398770560421,-1.3445016167193413
-10.526952079974341,7.111803367160321,-1.0774663442328132,2.7114567273034713,1.1256305023218633,-0.8104815334760169,2.634620553208257,-1.4323830012147565,-1.0615440666890736
-12.411297745977752,3.2402613363070634,1.0690976549117102,2.335012841391818,2.714628994539947,1.2546277416907545,1.398565875065425,-5.886309036918805,-3.5294869623930496
-13.675968999109884,0.3408725880008738,-0.8607974421926985,0.7067421661012718,0.08716265501444374,0.9582027849483268,0.36074198416271674,-3.788685298478305,-2.4232442618472745
-7.047404539273073,5.254679709272366,8.314384587644916,-2.8729010649636644,3.6088867491325862,-0.2791339368117466,0.4986725915621628,-0.03301678001019762,0.8319453078569162
-4.994579433824238,4.447335343517274,9.3300769086493,-1.5365477674521963,4.685631114676827,0.6176913617739653,-0.6958232201359169,-1.396041227863244,1.8811508321667654
-3.8550031863982634,4.1704157652377205,8.969767443274586,0.822197665795756,5.20591088032843,0.22833453682778695,0.23667880137946598,-0.4067481381214934,2.005685290582705
-5.636105120889532,1.6015447952359787,7.7595269642637055,-2.0669465499303645,4.035708256806359,-0.817579401978504,-0.6450156550014322,-0.5071163414272107,-1.1624927737634305
-4.7329603957364705,1.1109284486411186,5.815485269897038,-4.57397857323495,4.056558944963181,-1.5665799293382126,0.8017627394421625,0.5405641307289288,-3.277088937466728
-4.255502970172483,3.072368494605815,6.016539369522638,-3.434952857747258,2.474014585993921,-0.7047390390308076,-2.294982035994263,-0.5365284817408943,-0.7366383716761994
-4.927587022101029,2.4454565856232384,7.128441758582188,0.490939408025615,1.487282266900886,1.5283650818939187,-0.9639442276691499,-1.05744201264227,1.5586174710362986
-4.705973041806928,-1.5442093691368963,5.2517967737121465,1.878419306086374,3.006920202819334,1.0273993509060813,-3.275302143336084,-0.9450745684263117,0.27117865476638653
-4.994003166821749,-4.614230841833282,1.5553347751424373,0.7528313996353844,2.3274318991716356,2.0421278609969686,0.10350408453251214,0.03661757336372293,-1.7789311161846022
-11.244083764090934,10.366770380999522,5.882924146162623,0.009019022376292846,4.129780538472699,12.270623221855223,4.14447326121462,6.407719616786304,1.874930630551723
-9.766380005092199,10.390359788271388,5.198842544571235,0.540730360495976,1.392892714104691,9.73814280754189,1.611345225243636,4.838436270635848,-2.6111540027839863
-9.907818378860947,11.72655404323469,6.094574738986239,3.301167180000553,1.7172665973541068,9.573593037859537,-0.4925748867178291,2.258866101543425,-0.07806891644826489
-9.550705884730721,15.413217423530504,7.600741448210353,2.2817254587883005,2.9857952569234487,13.054927276028451,-1.17056245806346,4.064308235934131,-0.24784111484237872
-9.960465182183585,14.373268518781705,6.056372141943957,0.6034219216306667,1.357608705564997,10.588784816095151,-1.504082891601889,2.5060803523181776,-1.3047884408882258
-9.97287001243808,9.902264075806096,9.139621804460637,-1.593186218616823,0.18370100959641358,8.169546015770017,2.4364384769782577,3.2106952451198163,-0.7821916614479487
-9.211924173891713,5.501158054708892,5.393348616459283,-5.367188997994316,-2.238233024989462,-0.019826084694537883,1.1639645972593293,0.508790912929602,-0.274364294188102
-9.372678178906979,8.553394581502953,6.953638493717312,-3.6848719728700807,-1.2896763071491968,6.053596726785189,-0.3786369439909721,1.6349056083389015,-1.1622236168520794
-8.660470461490599,12.926647770334345,8.215190617820411,-2.931958275416192,0.13807848189988267,11.723320987391336,-1.898949537942231,4.390868259753758,-0.9829018977306877
-8.960923768807671,-4.552035801688252,-5.588285134032043,1.8443505152380195,-0.6043391925322247,1.229476721602107,-0.12059606887049076,0.9701495443759794,1.3011816906997165
-10.610763840973451,0.787970603155888,-3.3441252859568316,0.28022287682495767,0.02537809293548253,-0.9329427012331035,0.0961648344309057,0.8513253218766864,0.43167668004084464
-10.961381416610061,4.301372153768401,-0.4382597759254085,2.52026429448749,-0.5060509768646815,-1.9835831546244918,2.4160455111387367,0.9423537076205649,0.8631609223194069
-11.45933022975038,2.7787377432141533,-1.0134509658475086,3.364988158385205,-1.3000960765195753,-0.20749445616721457,3.4241881864464787,-1.0862259128743783,1.8931219867746376
-12.154853851183182,-0.7600030778654661,-3.2965178799731065,2.175923648523562,-1.8707551160986309,-0.00737420509382676,-0.8679081088358477,0.10931804060421176,-0.20877413927197647
-12.237522870124167,-1.4757643117052828,-5.972810866642333,0.9651658814365364,-2.860005054287527,-0.0778202950738069,0.8242149356217355,0.32715837037353207,-0.3537988814301316
-12.158961836973864,1.028769197267306,-4.425972280387076,2.058044034132602,-3.558032052109111,1.099471774740052,0.7032909422383175,-0.31650082481451347,0.6707758778634945
-12.38983123636222,0.38223983426539987,-5.3952298401107015,-1.2834574616193672,0.43423296636904746,0.7959122170193369,0.9842983662333843,-2.0372107487248483,-0.04918084427300969
-11.485089926186845,-0.8443192312526913,-4.722323564729212,-0.8069627396998743,3.284028394897707,-0.36511233607929267,2.264616218225522,-5.087096519559537,-3.4227518456929573
-11.523769002472052,0.2879514738824662,-2.09903753740626,-0.844357222697227,-2.9885293104220167,-1.1579418454825503,2.0816379530785696,-2.199437032755997,-1.43217580999196
-11.212075083425624,1.1950444691128956,-1.2395093373519692,-1.8776834348203382,-2.9995290987516956,-1.700890964237335,1.4198581071388927,-1.651645051783241,-1.1442703666881266
-11.101165445074221,0.8076281106020485,0.19050718530246222,2.187296198112881,-3.5234811388397222,-0.9683877418152118,0.5410323627407325,-1.838035224320223,-1.387702942808202
-10.984035944680489,-0.9861631778335008,-0.9369268985665635,2.946268602712619,-2.2351600254761848,0.0019489148674627734,-0.44893527455301213,-2.4492850216640054,-1.666985290243143
-9.377773264092967,0.497632118011269,-1.6559708060656455,1.7588420593359484,-3.8387195518950445,-0.7687846678780189,-2.5422016535098564,-0.6395319897186169,0.39387945516919104
-9.973116803793161,1.8850726239440883,2.491297123983489,-1.401201676271647,-3.339417036813101,-2.28527521944767,-0.9338506604946346,-0.8174901300911895,-0.24252624889271118
-9.405905372072594,0.7058704130049059,3.814527282627924,2.0574874520669906,0.17675456469354467,-1.9567385463128268,-0.6625082370122793,-2.0853367477062936,-2.020150444259022
-7.815488648890912,0.4578622219375499,1.0363314609551455,-1.1103997589652705,-0.5952459419996066,-1.1641893652411353,-1.0345950372646289,0.06111797575729001,0.7695861087662137
-8.159489804008015,1.8314111046053232,2.1060187742271577,-3.2944447695738117,-1.4220911156799452,-2.1100698098306876,-1.348303468221957,0.49631142722533367,0.38074097164548304
-9.027728686398914,1.2978293087205146,2.3979130771465256,-2.1736169958658165,-3.5699303950877357,-1.5297532395238564,-0.8350709914366513,0.0838771321910582,-0.9313103795742819
-7.9943499524203485,1.9398360701679171,0.1121347701799947,0.3312476241322047,-1.9361814639314134,-1.3526618047015189,-2.3148049179059176,0.10029805648629815,0.008221154044595601
-9.320720413004839,1.6238589980800948,1.0797663505782589,-2.6059230025879314,-2.2559300799301285,-1.8598276977510817,-2.3070007827218353,-0.5094324240956808,-0.479674407684686
-9.230954869130347,2.9903275564940186,0.9951665233497655,-1.045870400684207,-2.19972001847277,-1.6522104958674282,-1.2625937475904827,-2.1030108814938187,-0.988716292536406
-9.221409685719932,3.875737045513162,2.092111621687466,0.3709678600000423,-2.0211868990703366,-2.596571669194962,-0.32989485087357023,-1.8928525288578941,-0.870825180998766
-9.581917989253752,3.346800224767253,2.9424943866786992,-1.6218410891278159,-2.0935301361522436,-2.0452205802334698,1.496166447696907,-2.43367976873733,-0.9850960104955885
-10.124562816577818,4.9597374270938195,1.198167295084812,-2.779403551351423,-2.0403431331555497,-2.0949686035964996,2.5857360601593253,-2.6604829173437228,0.1730686050806199
-10.899696119042762,8.524792265141821,-2.4225962122880724,-2.353837057482617,1.0958032582270432,-0.8811016380964789,0.877346046745641,-3.884300712448116,1.5158136669858469
-11.517441438394691,4.974786641028335,2.093818875114672,-0.2999870449429137,1.0315625622843236,-2.555009436864777,1.526381536859628,-0.23915912808636083,3.0133176834718545
-9.770869554387273,-1.5570942334548776,-1.2628339837532714,-0.6704293516724661,1.7118870085244706,-2.5272193157134817,-1.3297832473684432,2.676579581687852,1.1107607895487683
-9.245707925433873,-6.111348288657686,-0.8880110956834559,3.29750223641927,1.2221497997479869,-0.7896958984146365,-0.2848214225606872,2.516658967359086,1.1424985538112873
-9.736990270881149,-3.8244078907839416,-5.304826324308898,2.7419135381402095,0.3742134360609265,-0.2111899873806396,-2.105312747563731,3.460303134304898,2.4775017024111725
-10.289300674492656,-0.4008452999632558,-3.9504919194049313,2.902193971376719,-0.11494256625626882,-2.1003848440787074,-1.7043574577124037,1.5933674827289248,1.6560676886842107
-10.212737233433144,1.300230777255125,-0.15743517467786647,1.5478909792182447,1.1897992837386895,-3.247139981571413,1.2495256070775707,2.3142349982938484,1.6906023891233957
-9.446455376347767,-1.5034126268429522,3.4265121306850843,2.4833134353684194,3.9754059835288102,-3.554659295725592,-0.600602150221585,1.8797220331458546,0.5324029160768357
-6.986215836401963,-1.277001759104008,0.24785747421530963,0.6340658362943474,1.0007936203674264,-0.32504373966489547,-1.6258106582998424,1.5826004132892695,2.952499343660378
-6.94390246194032,-0.4903741755958388,2.7205954702429476,2.780841832831429,-2.2364174107100756,-0.8392962526125933,-2.1769266241828564,0.3591084403908501,-0.2264960301761702
-7.26298957869515,-3.062171548753443,-0.4744441930018164,-0.036368585409679945,-0.6201684419539715,1.1256198885684392,-2.4475241401712964,-1.0945174522468346,-0.4354210340332703
-7.496276575551823,-0.7379210440450962,-1.7305842797164002,-1.50330465126993,-2.0175004411089548,-0.529749553478706,-1.5262948013744964,0.6757863017200257,0.4078411228799087
-9.690472935012645,1.0029009693823767,-1.5974405395000595,-2.28611668295515,-1.6462882818292939,-0.8130331400780915,0.8549161188682985,-0.37994885374437026,-1.8994160628177377
-10.115104908562039,0.8418712902952582,-0.5842915474776045,2.5489762962447426,-1.776090906255006,-1.5178196091465954,0.8421965670729756,0.1388250888835786,0.04259752373866476
-9.975743819452495,-0.5444374391078565,-2.7377177546416975,2.3426173956756227,-0.4946734633813233,-0.40727891286085854,0.9049396545509424,0.18009312810686876,1.9901331149938055
-11.035430866861141,0.16727786479973186,-6.0990448127680335,0.14233589220481369,0.11727850596968069,-0.5491329412413875,1.8410237340658562,0.0002877437844972575,0.3352123990739966
-10.75210545203595,0.17460561116115345,-5.68771006886276,0.48632497679625314,2.8446425898337924,-1.4457892734757753,0.729028383063802,-0.5910352849021902,1.055201695913682
-10.699480394012738,2.124668078512908,-4.110857463674651,-0.8169917112987598,-0.23028209381346124,-2.8508448694868807,0.6575635892628224,0.9318095242299624,-0.6853202891683584
-10.556819451423673,2.2871841822785384,-2.6836219025168773,-0.7454317932829994,-1.3122172684943438,-3.2196072709129426,1.896694318587938,1.71674201516192,-0.12122975533565247
-10.210204373994486,1.3987906935425145,-1.6721342628426807,0.6501070866855089,-3.1887353876090634,-2.766371926851214,3.175626951000014,-0.5739572653398894,1.452287048493271
-11.155602044252737,0.24909732060662834,-1.6782015430347519,3.338337142552242,-4.71541921348997,-1.2442658113432263,0.9150838654093096,0.731705091004481,0.7791746215623362
-8.785808417386471,-0.07857968142711987,-1.953903887154354,8.641346660689102,-3.9311755963640347,0.40049084555824344,-2.333872514571824,0.6331291364550532,0.08622001049590099
-8.025733370351286,-3.042811297916016,-4.046011594133775,5.393668301338579,-3.7573096930458174,0.2999384465403719,-2.0307418834597253,1.938938715674289,1.029478892520989
-7.462709759280952,-5.157058442553211,-2.426902422407159,4.279579287596809,-2.370954443072327,0.2699397952314471,-2.518206253922335,0.694179657707593,0.6416231699465194
-7.6156446047864845,-7.210721481966308,-4.290222071935222,2.238022297701648,-0.2356502224696301,2.4944813035117246,-2.5184839460339603,0.5601806442588225,1.9178301085104879
-7.6292612887478475,-4.394389484245418,-4.660511645343204,2.9773639313089593,0.5163109654866018,0.09692168632123964,-3.454710841449535,2.7826018445104053,3.1273577660942347
-7.795850249180024,-2.962589779284593,-0.7346388395474126,7.9624624438163645,-2.087636164285163,-0.6900986442851874,0.9587835126296105,1.2888203542008048,0.0006799121555137611
-7.024928317540768,-6.642982339407008,-1.048819880490578,7.840138172701645,0.36556932994531044,0.540008846827267,-0.6633350943349845,0.3305388486862296,-1.8431298647919598
-6.299837150068734,-6.818339295692553,0.007166264566607567,5.429179759166222,-0.9859092741260926,0.2321004092813631,0.15896983339821003,1.6834600589977105,-1.2144101184697338
-5.051903100395005,-5.082845533019735,-1.4255316639166569,3.1909440273575673,-0.4898520418638648,-0.13504626869152084,-2.803775470167947,1.8418456792610585,-2.867933466347131
-4.264304290321584,-6.585687744288972,0.21290115200427798,6.652637674691385,-0.0264637080848271,-0.1263067398939221,-1.3844467050577585,1.0709333630978937,-1.9362303163564967
-4.581328206671699,-7.057410553757418,-2.654105847729139,4.488367822254394,3.133949281140815,1.0513621368493622,-3.531757954387786,1.1092192237190266,1.1646345553866082
-3.0911883978363015,-3.5053337674849563,0.5014987339505468,8.583211338734143,-0.2799099792839996,-1.0400756884394278,-2.1493576040592863,1.218452780918646,0.316022082665665
-4.1861063870662685,-8.655391447009452,0.027572326809363,6.90959759480596,5.552045878941501,0.21305165100833,-2.0616078655970114,1.4241214834545521,-0.02537990437613709
-2.6467698464574965,-0.013430847606133355,-0.6355844611927336,4.432119068134507,1.345053442310956,-1.4738280972210855,0.521571879081444,2.8112754266286424,2.773319782052789
-3.9398034053081825,3.1078746683559646,-3.186006506979866,0.06190908045183477,0.34300304061635184,0.5262381797423616,2.0382061253616044,-1.3179786267887386,1.0329338017122167
-3.802022562874318,4.531236182504213,-2.7345860519417156,2.9123344284890686,0.03309898895460681,-0.23131892743014107,1.2412298159976272,-1.95440688332995,-0.5326636691383425
-4.883567766079985,3.8329603893909376,-6.691730928448975,1.5046329547868116,2.440478455615057,-0.5414014278327287,-0.9003646703306192,-0.31917062356133646,-0.5076150842611861
-6.30137482361437,5.534724678055603,-3.3534929249341228,4.109705832659686,1.8392667468582486,-0.943519192147151,3.7956837753616313,-0.2667494147115928,-0.8438035024040909
-6.639313245804751,5.607560146421835,-3.5772439629235113,2.5257904436320433,4.6597593975979015,-0.16178145163150942,3.654562983679416,-3.7060100242554643,-0.46775046650052876
-4.715451679270018,10.469148699720234,-3.927121328266527,5.640326098986329,3.7756873853304085,-0.428416748284062,2.660524490688799,-2.854549539632434,1.4617485399921057
-5.556938258865348,8.615363139832084,-3.0607239452628985,4.804457746292536,1.84991810606698,-2.3521029171990695,3.010303036008993,1.0063441180056647,1.273678808708742
-4.213721699326123,8.177475881049673,-5.126119173743745,3.879259245568304,4.468397794997549,-0.49423014125975095,1.0146119984080717,-2.349196156219307,0.1419220214066091
-4.6911001369828975,6.254520214019243,-5.347579107415604,2.9370626777146267,4.4671688305355595,-1.198626381492469,-1.840658386071168,-3.350213796050998,-1.5689825778366238
-7.100306296813703,1.9328343009504714,-3.4741193321936334,-0.9405551820945752,0.9800754214667232,-2.1438897323582102,0.3798956288356059,-1.6739988895710396,0.7807473345893853
-5.951743666075049,3.6630004687261795,-0.4524233828099998,1.1197317190324085,-0.9991808358064237,-2.9421010378279915,1.943820106270538,1.9930523403858695,-0.651516796087897
-4.7779122479166025,3.6290709771747536,0.5911814776383497,-1.7593729295523404,1.8809849513432164,-3.319711923816831,1.708388596579019,0.4066634777366414,-0.33028937064417135
-3.576201035361794,3.4155587625512154,0.4747257439716287,-1.2296618199247646,3.3074613447086727,-3.250164849510231,2.6268827141563134,1.160121893089347,-0.7107017327005737
-3.3014535605458937,2.4321220462824655,-0.6729494336254594,-2.528131475662185,4.533287480152168,-2.6548119866497157,3.515758044232925,0.5630916799492027,-0.4940079000544514
-2.2680362367070623,3.668685217144511,-1.1269540640372595,-2.6513306235406917,2.910518683103895,-1.8618396146906195,1.9155229517220593,0.5248517613872337,0.38716516106045684
-0.0004914358355339612,5.362187699188994,2.140972998269821,1.309930781632237,1.429575335388223,-2.449260471007318,-1.5961855063968933,-0.280295554914964,1.4314064414391265
2.34145285637948,4.223772419591279,2.9636798759178005,4.402203269498066,1.419217065041222,-1.4942249597489818,-0.7622852275917705,-1.9753586036919633,2.203757236960678
1.7105194828866535,-0.008053922693718294,6.524713114448685,4.792278880884503,0.7276544202157686,-1.855459772948058,0.8884337091654659,-1.3218504701019287,0.8495136162966991
1.141454382902019,-4.190280794941768,4.177690163348606,2.4036021057675274,2.270687447398769,-0.8613501277127718,2.4421081150417927,-2.394473921167898,-1.435998977618937
-0.7637603137757197,-2.1340494144712134,1.295921724549962,-0.7959207292978315,0.6143805654048422,-0.08146101139725898,1.2564863246520832,-0.6183344369630168,1.21094214674007
-0.1386403117449857,1.4502564614456794,-0.5248705919660956,-1.5140783241064868,-1.190829759326491,-1.3286399401993445,-1.16260652461992,-1.121102857959844,0.5568292959784958
0.7684657616854913,2.7026033743308964,1.746789613038611,1.7569184253179841,-2.575416805887489,-2.0695465129611197,-1.7564003388557619,1.8951507294452214,1.0710386471128048
3.0402196529907135,1.619898432643636,0.8108959166075307,5.971887672074359,-2.027904803208793,-1.409164665773089,-2.089552521060775,-0.5565466749738952,-1.4122675227531603
3.121151127020752,-1.9587083112342019,0.9085176079311907,5.730315724160397,-0.1370690635313922,1.1204045643032774,-2.052046577877874,-2.1666784473621163,-0.7008363391265735
0.9566958658729686,-4.918026323775617,1.4528599564002531,2.356329709663279,1.5396009611416266,1.1601998406560097,1.5620761595868753,-1.0055810404754557,-0.3358216464631175
0.5927061778914252,-2.4584517235988232,0.5278220177289423,2.033707521830483,1.2097338436334406,-0.49584590364644227,-0.5350759266299545,0.8095756797664765,1.4056923649463464
-0.02632638711558737,-2.72708682971951,2.1177471929100014,1.1820040940189818,2.103360525074046,-1.2592918555310901,1.0902047062413243,0.36945875445055726,1.5013130362233675
0.8907359164368815,-4.696299781694388,2.6010229464741,2.9538135778446666,-1.0063894960370634,0.6241191058317077,0.9777994645448462,0.3526973831739864,0.634621018778667
0.3951538327981341,-6.197347512003908,-1.5956051961344964,4.740114072290258,1.6566764416240083,2.213051627248431,-0.8378047775613112,-0.4113826180238581,-0.3658827196830646
-0.26358134063810007,-4.4820010653613345,-1.4028495860675816,4.231064975822321,3.6545790800112377,0.3484284952624811,-3.1488979115397107,-0.9798520571840317,2.755538535096812
-0.5754989036124866,-0.6670702905348443,-1.5556065034492592,2.5237045446768547,3.4275103559583,0.5762201274315722,-1.0062421168184172,-2.548629192316511,2.806555965274681
0.341860066329402,1.0028646250041109,-0.3396307206673454,4.341527954112117,2.0664642416935144,-1.2136274838166945,-3.0630220398982324,-1.03810652426767,-1.2314753586469795
-0.2605870183673096,-1.552617466925993,1.4903090562912515,4.34543562385366,1.1957690874995552,-0.1430354117693623,2.3567691708721688,-1.9256945217466324,-2.0283998167747463
0.019688660574166596,-1.6465308146672377,-1.2713410604382105,-1.002946094439335,3.8500475049096683,0.2784177944807208,0.557350264300892,0.12645017037678052,-1.27821719222538
-0.02369398515791194,2.8116334546406883,-0.9475279990341959,-1.9955459338302206,1.3643988172542205,-0.1516415908910441,-2.5609562533448926,0.3049174295590875,0.7849354133629397
4.223136085801593,8.000392927097737,-1.1742046803504191,4.793681204149897,0.7225060785772178,-1.8611682168921864,-4.215527525123324,1.6876702714154925,-0.004813969959634185
4.165021593962834,5.117748867129969,1.166372321732924,4.381991858784644,-0.8679700335001577,-2.689097176986242,-0.5589136579225715,1.0389920927043916,0.31458148098332106
3.127673575291129,4.4457340800348195,2.5051272076017304,0.05606302683929972,0.19202150990650968,-2.2494338794436324,4.209965653196597,0.786182026198442,2.718199972607668
4.220017646052664,6.2504769206848625,0.20583494537929567,-0.41581877657879346,0.7471815483380457,-1.1483872862651188,4.102842112169219,-0.23415447804642153,2.9723684073717074
2.933064039632377,5.316592917425475,-3.6745633180918316,-2.1005917789518684,3.0974311483875665,-0.8549086996146017,2.1850647229622298,0.26676253166137015,0.8438804747624874
0.694177702003735,4.484226272163182,-4.002613445838541,-1.3162260843429696,3.388121626790915,-1.5344959989120333,2.074429923761932,0.7434023495462917,-1.5380577654658067
0.5787773350510869,2.8301477817818346,-5.058324725025503,-1.1073475440808398,2.45849271738358,-0.9013122937098414,0.18102173152958304,-0.289864772394299,-1.9539350264623712
2.2397823714559295,3.5519701791346376,-6.122187450776034,1.8605531117310252,1.9360880703012722,1.1584585849759548,-0.2997885454439209,-1.2959774555668397,-2.2988813297511164
0.9045613561170898,2.3438369338072196,-5.936946782335917,-0.610417126711517,1.119653078310764,1.3473486912943835,0.7028232099346687,-1.894915863242683,-3.5651602227559307
2.7559968669678527,4.364939108725074,-4.713575075614065,2.228117021762427,1.2157657083538387,-0.02159325564888211,0.7808499154924444,-1.0360762088778535,0.48512364942508035
2.6016676802732914,3.701546736263072,-2.74068458254412,1.2186448835424093,1.720970681672917,-0.8273131545020392,4.311884573468187,-0.8740972630723931,0.9711796973102491
5.73000524910562,7.083258387392896,-4.13400772291645,5.57178717934476,-0.3013541370601637,0.8032108656125196,1.9074574652687686,-0.31028880294157607,2.8464185596951355
5.763006572849503,4.748900470412429,-6.201875740164257,4.221603668988605,0.8110870880259673,2.3191736309377937,-0.15879263684810935,-2.0373187529333414,0.9013593984649027
4.278053236559619,3.911053538776639,-4.061711429214559,2.761944474396707,0.7345650752408251,-0.9556122053382797,0.3165047640237877,2.76864819887707,-2.1817771871178673
5.526126333055812,4.607624833084332,-3.21085683352267,4.416329343733595,1.988701182419107,-0.7328799424822905,2.347138084553379,-0.2573370735408592,1.1433680980772136
3.802838749412885,3.4522795576088163,-1.8551448405617919,3.7471238709256904,1.3050683520739472,-0.1975449053447067,3.4236437094971985,1.6807045850553919,2.882023588265341
3.7345147309341304,5.2498404238793865,-4.542232475484599,4.648519056533805,0.1850964564329698,-0.18916943483143325,1.8943901136724213,0.6595019048561798,1.2191167370141738
6.061538680132711,5.4449908286442765,-6.182789350691775,3.9592002377861744,1.649615632839866,0.29976837654212546,0.03546401864672751,-0.17391397949360168,0.23564816179981288
8.239714910548456,7.756511159582692,-3.704730942184196,3.9155330375628097,0.06793368317422764,-1.2971295884193077,-1.501803560871789,1.2927283715662479,-1.8011638870289026
8.365920289777712,5.135644017181018,0.9031493404605486,2.808644981160668,-0.5719140899820894,-2.0257241665412824,-0.8222698573860128,-0.3145804341651916,-1.0301757243977376
6.56713921785832,3.1097270435598516,2.0555192536250733,-1.5295058032043,0.2793115881373235,-1.3330165355563761,1.4158695001804378,-0.45843060717453643,0.8742999508093346
7.079421017007561,4.689330776437919,-0.46904901235773616,-1.552747137144798,-0.1512048447099318,0.04652702542787519,0.0777468689890888,0.5020220779485633,1.476797448141403
8.988899192781703,6.9021763331896455,2.4437227610331727,3.7954289558778536,-0.8355135974216156,-1.6993987437373717,-1.3690770890789679,0.38561052176860106,1.2944543656961702
9.908786218565625,1.840677960878783,2.9427580739757073,5.443031630461881,-0.21793812079589167,-1.5027033216701948,0.874432800153723,0.21661221277220524,0.1562230868290085
7.468338298245609,-1.546694902296437,1.8775622329745063,2.3249261053699377,1.1151380192216533,-0.1393767047678815,3.008292535522032,-1.0449005129279902,1.786785967927827
5.720159706409473,-2.2773674533716575,-0.631113626060546,0.27222547190308183,-0.04315422984231889,1.4145811891073437,2.644125148918749,-2.018811804454286,1.9034920573430043
2.218423343185678,-4.437951852119073,-1.9688543014604607,-2.7038736790739453,0.49094999988924665,1.5135462147632333,3.5919238447542994,-1.3098254047770266,-3.9541439275633636
1.9300469655605854,-2.7927930675668726,-3.161750597168431,-2.951668325873551,0.5820571992042598,1.4348484079115924,4.608251566376605,-0.16630388207164995,-0.5209137034715762
1.9313854300790065,-0.4541450317692095,-4.191809394724564,-2.2247815563136273,2.9449145977429976,2.1795344671895958,1.2227218943725955,-2.8950500529753795,1.7804199738464386
2.4545057333592117,0.1461100418105481,-5.510619225175953,-1.918521669790203,2.927769391275972,1.8894105568234307,-0.7171215288168374,-2.1508292350583837,-1.9415434795790187
1.735327966162562,-3.551292835786283,-3.7019376996936466,-2.5269051454227536,2.9455735129545877,0.15501350876574638,1.5389406385454714,1.7426237239442126,-3.005324922494558
1.2893319113198558,-2.944740279606076,-3.246556616131878,-0.87823165056472,-0.8152372517404465,0.5326349614102766,6.68465598799528,1.2035829729939225,-0.08752156439277624
1.777602840415373,-1.4447886162552817,-3.45157614014446,0.1497451640293549,-2.7531626501824844,0.5773459040556757,2.770351600332822,1.4960822581849351,-1.0910445852113508
3.0245302747280083,-1.5109035877408534,-2.869128615425738,1.7926189075291394,-1.7768997230959733,0.514844750822352,3.0554817712405393,0.377947029285244,0.18116681985295116
2.3261855332568557,-3.096472701933764,-3.3626534291788603,-0.15283369876219702,0.06874405964871295,1.9811783444006628,2.8725053417999433,-0.961080849705556,1.186596502267493
2.1281972085427494,-2.7986760051561013,-2.9793845563425463,0.45422504680429016,1.5788414848061476,0.2338296073519467,4.012047009925091,0.7351440425054743,-4.258802316191027
2.2253813453991507,-2.978443885355925,-3.7271120807444573,-1.474809714899987,0.32098168930921755,1.1133790725062926,4.880715268603224,0.6337720384906322,-2.3784789674090465
0.4800731661184944,-3.0149052691458276,-1.5438965861565235,-3.432977502250426,-1.8094208418616557,0.8096596778414654,1.1160093445821513,1.3632374390801083,1.7467229156572412
2.4233844927347774,-2.0132866755508982,-2.3079223331927303,-2.236835433167596,-0.9583619928469085,0.9206282656411717,4.230763991685772,1.0986948524971816,3.15559248646216
2.897509646054704,-1.4082531370295377,-6.469727894890334,-3.259228973728588,1.8242576592945678,1.3999052206079916,-2.653063538747798,1.3408087382760971,1.4936914399690069
3.5413158688337822,0.6164158963033941,-4.081169035434894,-1.7655841836940436,2.531454289291813,-1.1116979517705796,-2.667790452462879,1.328075622012986,1.4605630163455212
4.330729720504346,2.936152508980136,-2.2850358028729576,-2.3906797963466486,2.515669793442021,-1.8736977170296032,-0.8896958352560084,2.4818937752047137,-0.5887969854639428
5.274107930648704,5.595651353116941,-2.358429650113051,-3.0004827765951188,1.8478623420545606,-1.7151318608666364,-1.426518497352821,2.935565922475333,-0.2573760013950876
5.582730700189738,4.92220082443658,-1.5822336997237323,-3.624201853493553,2.7070919715013226,-1.6263677268478582,-1.124033508164525,2.044471385232268,-0.18086741436445747
6.266597364083127,5.3220942682573575,-2.892337939485703,-4.88943177057532,1.3934945366676368,-0.05138317658884507,-2.6366301549628974,-1.002961526000872,0.26899284765186265
8.330018741116701,5.013446716268425,-3.0891287906612113,-4.144641910921238,1.0265914678927792,0.16782695103509457,-1.6614436576458727,-1.4745264354778869,-0.6509648063178257
10.864140535166168,5.614447832589482,-4.352942824780997,-1.0187255199538765,1.1813843849364818,-0.35098773992207544,0.5169529865026765,-0.13216839236204309,1.0856204355437638
11.35240808116922,5.017458837641014,-3.676052341233748,0.859294422886793,0.09546190987905305,-0.33234687173833066,0.023297707021555546,1.9173005471449487,3.011405667541847
13.512486427086406,4.34750256095518,-2.629882089691418,4.550563468437558,1.3643551627485675,-0.7773265755563762,0.2622292332439215,2.371196666362662,0.8295565237951663
11.514945307357479,1.6467177387354004,-1.7948350589806352,4.018831358323158,1.353452194452398,-0.22518160431520418,1.1599152387910754,2.7210657267436513,2.473236205026613
7.300391338049246,-3.8813459010885003,-1.9557297207275244,0.27503254625094276,2.7561978031483636,0.5216962621008349,6.073850850910856,1.019371508731356,-1.9080199666143822
6.71809493027611,-1.9871239915353347,-3.0576642746640754,-0.36961495074009276,-0.3601328725604535,1.4544046204210788,5.198518524582672,0.9637770096361525,-0.0017660106174922652
8.567601408747368,1.8185694777582422,-3.4661159992519512,1.073918382102676,0.31359588400275284,0.9074640974168374,2.8349258703252156,-0.46396616139684677,0.5678175237993898
7.5661272528587,-0.23167993906510698,-0.3672229085680034,-0.07204481312019699,1.0197018229170105,-0.3182562218135854,-0.48691647463349164,-1.0361115385926232,-1.9700120418893052
5.721883423607253,-3.7796269066527843,-0.7197755948022406,-2.977524718591076,2.621437810939063,0.014305082337765939,0.027712972835392875,1.2309891305006684,-3.0104542063699453
4.003057859134465,-1.6851280356857743,-3.632270446342623,-6.15255811826955,1.5141309870141946,-0.7257787217421509,-0.7442008636760418,4.133133678398829,-2.963337233175336
4.503375777560203,-0.22055398747848515,-3.4500302116971637,-4.023943244992132,-0.39695573406973816,-1.2799777986282663,-0.14846695373544622,3.330188328425668,-3.753487084138157
6.720830468168054,1.4697704209391125,-6.509131016255887,-3.7458080946510757,1.8075268068660046,1.8573010430836157,-2.47328908865064,-0.27971286183913396,-2.438383291333314
9.671739196184916,4.110997772702232,-7.16717287518154,-1.8007778114681479,3.1780742122635406,1.6985700361287908,-2.8010135132193748,-1.427089748017147,-2.225978574441396
12.147625420765854,6.375203259665302,-5.2667429111716535,1.0643489909648534,0.1636955224268897,-0.1453797363383827,-2.891539612036719,0.9620911167824286,-2.737874867244315
13.535482375838306,6.951859634490816,-2.2387504056741334,3.534029810099133,-2.05010402819098,-1.6740116051237321,-1.6294859688322973,2.4690372940429253,-1.668665831776181
11.987366749314079,0.7638498821545772,0.8684026809662496,1.9422851444804032,-0.6474576735302362,-1.0411883018831674,3.597592890043617,1.1035076446497798,-3.354403224216328
9.974403143721574,-1.5382957576134897,0.30820950451945617,-0.08086266276368007,-0.30255130629774896,0.3448972492660346,2.7187263255176646,0.2774797508163131,0.5830418000324677
9.805693161770101,-3.3607255613420945,2.021307796057587,2.2204553147401502,-1.987478115144573,0.17343818425589935,3.2334840140723182,0.32305181313699477,0.43065602991842816
9.636773919094374,-4.137561147268155,3.0000173964846693,3.736318727884449,-2.7086921980993908,1.1386432765530086,5.425729803889977,0.9306232946392688,-1.9877448132100792
10.700669512466126,-4.945986016941451,3.1476318362198255,2.88022245825716,-2.880552009025994,1.1885874615782566,4.652940580219766,0.7950295313252068,-2.2833224403260415
11.242395962202044,-3.051481187664528,3.259905512902994,4.607110658479614,-0.8879972327626805,1.8237998557061559,1.185118971633454,-2.1299872559677775,3.6959414543909137
8.778209708999931,-2.2148555399011385,1.8998865119519694,2.0723392453663094,-1.7786964476837528,1.7138361268809554,4.556537314608451,-0.6365754066196764,3.2879726984004685
8.75683261102933,-1.1954812485173636,-1.7611223977220205,-1.8013289803721462,-0.9154825241681495,1.9550364633532298,2.350154560560892,-1.8776306891138714,2.1366105559541504
10.194316963913128,0.7176260749329053,-2.259782904325519,0.5452497656338021,-0.26639516490495024,1.4969302927744064,0.7580716003546205,-1.2412787472267568,0.44701072884105886
8.892627220231208,1.7223277783777426,-4.253860866112278,-1.6915140075050472,2.9185168675379627,1.8681843802460831,0.20511830069127107,-3.2876748142509222,-1.5254015803765957
8.87728022544946,1.792573106049458,-6.497538467964528,-1.4639513091421512,3.4039752360559756,2.9289493096809966,-2.670687623096402,-4.281101311052151,-3.790459165271645
10.145543771616198,1.6151196240046988,-4.133766106150562,-0.8351437529824549,2.1015266769065186,2.1819197820473715,-0.8003498281157404,-3.876982736449367,-0.8674413580841498
6.5222513295158855,-2.662761331332981,-1.4913832262134898,-2.4067074318976753,0.36096171852443915,0.5126860065952378,-0.12222669070224301,0.3445215738071582,0.2924889059668444
5.801669014772615,-3.084938117723626,-4.193580324125457,-2.8682903379801483,1.5014738343304705,0.6560263186953352,-0.28009035963450335,0.48407241543443985,-0.32667594801508476
5.084707923470702,-1.858195533303498,-4.5055312290961975,-4.1864965742703655,1.562925199483858,0.11589573456305748,0.3138192758916952,1.0223047756353003,-1.3848238301770603
6.323855200174564,1.8361353526149682,-5.123402049878217,-3.8992674051853715,0.8851567311875636,-0.5694938693071874,-1.3198556126476515,1.1483003512731977,-1.8569666323991152
9.477936017475932,5.5323540487243354,-6.055691306602269,-2.1629706118763163,0.7334858672437675,-0.7659309744595082,-3.093612651079269,2.1418400427786994,-1.7041232638328454
13.04980272875763,7.059598279391662,-3.8472538597819943,1.5078914635866114,-0.29206987011461927,-0.7649697629340269,-0.8775905874853864,1.2459956173518882,-1.0365840608430572
13.517016583132252,5.7539304271860985,-1.3283755346441835,2.8017096451730037,-1.5621583816985858,-0.8105216111595803,-1.2347957481924732,1.0263987880329681,0.3641949635295307
12.856371328603815,4.0923182868603,-2.3625018122789996,2.406195356690429,-0.7569664992495069,-0.14270665583519002,-1.7982874958696036,1.7887999020841387,-0.8829299469535062
13.123934457002445,4.439530941366339,-4.263727336913982,1.5478984826541862,-0.699333883585991,-0.08716075880223954,-2.9427904939960627,1.7303760045537502,-1.8503288243451914
14.524817246689242,6.6863442416071415,-3.939992713678035,3.06195351577143,-0.8889924040469367,-0.5772941861442192,-2.481145012253385,1.8202675630276886,-3.1901015197411864
15.385118319833422,5.5610662497367125,-1.8345131062174578,2.7492806117852693,-0.9223356428051322,-0.6846442776423808,-1.5497814035850155,1.7203482222402344,-1.6092338752287523
14.816855979033438,3.088159579213963,0.5271431865532255,1.5769942837040531,-1.1837949644517534,-1.0258110183893445,1.4658013419414435,1.1182953118007108,-0.9466096467628797
14.42350633483187,2.2012794902887025,0.4416329059493864,0.320225110957047,-1.5058558977370504,-0.6242552544256974,-0.9678461559895963,-0.20133354743439869,0.917365429602471
15.242187948903016,2.444106398886278,-0.7756081320832289,1.980629401105058,-1.4780637710450688,-0.87027478907881,0.6004387622827543,0.17955371270762296,-1.5432751235606905
16.88037174908243,3.186001095628251,0.19637917548165804,4.684162000463644,-1.7727416539913154,-0.1515262632446199,-0.4147666688747165,-1.515778553726076,-3.723650956172306
15.019325003632273,1.563255972411517,1.80912677004096,2.341251422301745,-1.6236198320474045,-0.7593955548328265,0.6551827626164312,0.06269198980012301,-1.201050860068835
14.28730195398929,1.9399626631874547,-1.244979582996078,-1.3978904460541384,0.09538410342028855,0.4648087068029135,0.4098157371830855,-1.004558979893243,-0.2794655144653764
13.166075449643673,0.7963802520839305,-0.4808886437704361,-1.2527092723938815,0.7176558731177213,-0.3798644250614067,0.8602626184174679,1.2991116959531932,-0.30293896180917096
11.952720071016586,2.579061794122686,-2.451830121258845,-1.9900847604522542,1.0915927918075738,0.13645529404419013,0.45300149231051906,-0.10302569465464345,1.1655558283504226
13.172212116939992,4.808657955264975,-1.0883539331610195,0.863419653667628,-0.7397900841833082,-0.9726617690266038,-2.0575334899490456,0.5123937277745961,-1.7196882298214278
15.58381796270996,5.480167370654044,1.879289725802101,5.5439199514440665,-2.765087030932282,-0.415915333846441,-1.8998547599362232,-0.20932698782872802,-0.37544544930488555
17.2125935336181,4.5444931641833,0.8064626465151484,3.3721991581688497,-0.6769417268147134,-1.0109269777604581,0.6684466314416947,0.05951630442582197,-1.4256048451266492
18.303709920054033,3.259541604082548,1.9449977130901774,2.8940334101325935,-0.1746862213013851,-1.2513331682736637,0.5039338082448909,0.4557492427163745,-1.7110941552271215
17.100367865700736,1.73023458405313,1.815050030400236,1.5434708295097836,-1.4645576573592314,-0.5250115700856252,0.17207046706498086,-0.9623063930906276,-0.7439588748775412
15.659353191334025,-1.3299226473398007,2.004242538423219,1.337016524647863,-0.26098708069483434,-0.7380530740921009,1.2790298094270656,0.6461014930353122,-1.1748018172649701
14.727840587659212,-1.0956742619594564,1.9994322932525859,1.4537966813633638,-2.182055212715776,-0.3132108306158097,0.4912705814333215,-0.6141727484646184,-0.08498538999055927
16.08809507607881,-2.283514626893919,2.047732981810798,4.130141925217566,0.5942748991825286,0.10588465960654636,1.4343498401330128,0.1405495041294909,-3.9468828853814135
14.674500650952162,-0.5769221637037705,0.24067581117794262,1.1679895133580431,1.7110312449192493,0.39923141419868696,-0.9594268986227423,-2.3344011330515846,0.0013225159134894983
15.965647409433181,1.355810332107841,1.314274268261785,2.866698765834134,-0.10202545342257752,-0.3407228086797885,-0.017745885433941542,-0.1420208552373962,-0.9113982392519754
13.239293103863766,0.08662438606414001,0.40094655777726035,-2.505640629169085,0.43666772833054995,1.1994282871585449,1.586825218924942,-1.6189734891080434,1.806027891399709
13.176062054985685,4.266375660191241,-3.2018470607973653,-2.3372211409366335,-0.14489875636891636,1.426033077220149,-1.5557461630282656,-1.0466937727987193,-0.018915690549614072
15.095522081445285,6.058399749696725,-1.9009322485494977,1.401370607589357,-1.2356524147188308,-0.4124077240385586,-2.9110145221470716,0.676437029790426,-0.19049730407559318
16.136262323273012,2.7564649913998265,0.05242166644518383,3.405855724200519,-1.7292763757288916,-0.79513879444903,-2.7257419619052903,-0.572582667377401,0.5725047865835614
15.680921905875984,-0.18943045530423802,0.6086126309980959,3.1622867135407327,-0.5186173820299685,-0.37752733065007743,0.6344140037276244,0.524206835142035,-0.7864535682840514
13.18308725526796,-1.588524026325148,1.0779222847885064,-0.48996243662926503,-1.4162002251591619,-0.10637694559873458,3.7189886600487325,0.18582349245748067,-0.13400544823050048
10.97419832603694,-1.7836742814309468,-1.5220400192833878,-5.182250768261095,-0.1336601242834464,2.38359306854372,2.9275513149505654,-1.0028405035737842,0.30555314249845295
9.800523616908665,-0.1077760431038862,-4.137382271117527,-4.805640930061491,1.7412809081084109,2.0420205667271563,-0.8976249512836326,-0.34816785229775465,2.607038001256818
8.111137549688353,-0.6845384493906786,0.008211838319594501,-1.7624522107077127,-0.9824045098461837,-1.878087170941822,-1.8625650355678467,3.237544004871276,0.8953574545224127
6.791740152939181,-3.117182061814952,2.1542074349067115,-3.1586564982983427,-0.943219250089949,-1.8174506339697336,-0.3947941791604808,3.1579935922832334,-0.7571274373521787
9.424337285038302,-0.5429601819146117,-0.47166079353323376,-4.116825905825715,-1.035019846836081,-0.7548527723243883,-0.44097354140239853,1.7517286664379723,-0.8115883368113928
10.50240968681229,-1.0667366833208267,-0.1827949375394744,-2.9206909963321244,0.6128471318384046,-0.5437323709542701,1.6475110043954146,1.3063997833055954,0.4082543313112541
8.117038115686539,-5.341436813747786,0.8346177457320354,-3.9590474728370597,-0.22761902044470522,1.8913077311879447,0.4856612541833776,-0.24333185361135148,5.708358125344032
9.650973201330704,-1.161571913913206,-1.5745988017959878,-2.369110748392665,-0.9530259066749899,1.6002735721815395,-2.204508941259797,-0.8599785965353449,2.5733031177909726
10.894705384802169,0.1393686525147065,1.913222149725756,0.8561321347651988,-1.1958023287042425,-2.340998369632312,-2.410311674297679,2.4557909037871197,0.03527395239484012
12.250531255390365,0.3040075257670078,2.674883219692962,0.9298998696951214,-2.271662350695559,-1.7842562986445676,0.8172512331105298,1.308125225482682,-0.7296796416558755
10.115290669011946,-2.533067500581282,2.0864836473144903,-3.6842990969742466,-2.458397703753724,0.11071908770277021,4.030476244019466,0.20684361524127534,2.043711819362803
10.367269476266843,-1.5384771396830919,-1.2996932052122876,-3.367225771287426,-0.7691585546774493,1.1670599391798129,1.3905262934961187,0.9762224769351702,2.3060981833870917
8.744942242056046,-3.2291496551552017,1.1810973505169802,-0.434529918653152,-0.41895034138600123,-1.9179212749183967,0.8855917578337056,2.438950704243447,-1.522564987188119
7.958185013879164,-3.5075536936341103,-2.1293010131782495,-3.8645164893105104,-0.534922045995555,1.83769139708622,-1.2250387889534966,-0.9717455261881278,1.3214455752644965
9.239527140842668,0.17528874202745642,-4.4134436760160165,-4.618973327227767,-0.5914883045366884,2.3880629795193316,-3.8807316181702673,-0.16350855619183877,-0.20994864906249988
10.09566763534304,-0.5416004353972355,0.5255054273715476,-2.398489626895901,-1.4628534281719578,-0.41619414993331394,-0.5146246333068493,1.4794716640144436,1.5251800167583345
9.104158305272364,-1.0049151925836544,1.4298359151456264,-2.181587334703048,-1.4662429042828613,0.20080130337463786,2.6922526064869947,1.2903663718077008,0.2136581159451277
11.232828382080912,0.8045383806498877,1.4860789910785586,0.2318798376556499,-2.490936887719002,-0.40802379592897453,1.7258069827589035,1.6626827329044696,1.8740382379319065
10.883712817619317,-1.0791650324798592,3.175555748405655,1.42500371877292,-1.5600643387943915,-0.4981361568040316,0.9273428348308131,0.34229240479959167,-0.33507514861129184
10.890522330248814,-2.299923233569475,1.7818606130665549,-1.5428010013080615,-0.4707876413793769,-0.1320426593423524,1.6716430250049372,0.06547354086584947,1.678159536377939
9.956301697114531,-1.6611510147604087,0.31797281429451635,-2.5019229433773753,-1.6490821487086873,1.5012978154655643,2.0867863444949304,-1.7576669515279002,0.2960439938007315
9.079216949521518,-2.0762583259369616,-0.1231842048784263,-3.163487355909418,-2.0960468471554186,2.0169133402236645,-1.2998337748780855,-2.0865933455181715,1.6903844686618783
10.238621693338377,-1.2737141919091692,-1.4930332230083592,-2.365926228034628,-1.1733427037807351,3.31201189048539,-0.3242163798964112,-4.941362512550489,-1.784294974474744
8.508381242893046,-6.204941146439012,2.248029062269257,-3.5075964871373486,3.770074683586997,-0.37968437860922616,4.830807735790505,3.2252586963431242,-3.3612036065931843
7.735423765718051,-5.144258749153077,0.5562469327040137,-4.072336694501317,0.8218853882094259,0.849067529887237,2.440615810468227,2.1965966019509877,-1.3326963868360153
6.1414590040711134,-5.46829258390707,3.3046887667389475,-2.028737732146441,0.20221953557568156,0.3641650210185818,2.717194289688622,0.10928117952857096,1.4090033559839958
7.342257356293832,-4.626678488315973,1.1596867089867067,-2.122912686391384,-0.17782277386316123,0.4261344832822543,0.2386072383116113,0.2599104257375068,2.440211025127622
9.428171163629907,-0.8226625645301877,1.0076634281289816,-0.2659425778598526,-1.660419261249988,0.7214659505809031,-0.46175630779705584,-1.3784332028824202,2.3153840807697916
12.48979794806483,2.4273288432412614,1.9143011975059372,1.0096896269434215,-1.6318774174566262,0.05821722175995573,-2.190621190796783,-2.418788006667115,0.9606609239684922
13.096547316038883,2.103758158862671,3.768538261158357,0.4430668684581647,-2.2651290905439403,-0.17563269993986835,-1.1122944861681276,-1.076297553377394,1.4749158219618725
12.24426764435064,-2.048294263275105,5.465149807840499,0.2568413778858884,-2.9202800952439967,-1.0549583073990914,2.5349060222346713,1.4606817095207012,-0.662994567354652
10.147513512383439,-6.593404731904128,3.8687984445023744,-0.05092596961504525,1.2268882626070359,0.4710273521858977,2.7049272774795723,-0.3955669611870796,-0.6168045447581072
10.610924361193266,-2.6001688646367125,-0.3693597012806787,-0.015963700598293773,2.621186308025645,1.7586792763813783,-1.5594132878546443,-1.7146720076145472,4.3077440135845135
8.908680727896632,-2.7906760657738183,2.541906124995222,-0.5421098076499161,-0.05640221184363151,-0.5378883367583353,-1.7088023736633768,-0.5646622833255505,1.054065859244992
9.175191782182818,-6.3511637288016205,7.232480669317257,1.1586573320889855,0.1008368434451301,-2.011958144941019,2.9419435620230128,2.094751708732589,-0.6254958410750994
7.99116666573562,-7.322220846425786,2.085647217691761,-2.381564201900429,0.8737608179880572,1.2101669782724427,2.9393680938049433,0.03330995608890879,0.14593209414081382
6.499875162365495,-1.8855832581867935,-1.4289825311165316,-3.746276078691181,0.9293235588237317,0.9075169804017417,-1.7274869629647693,-0.6617316335093673,1.0528417376082202
5.532904899643382,-3.3219186825702947,2.8354724221781744,-1.6811135369467292,2.6697072327989386,-1.8245000726641147,2.1900872256156343,2.0320813469490147,0.9197528563049958
4.464201369382139,-2.307349272071431,-1.8801768369389364,-4.214611789989897,3.7433394544907572,0.8419065438231728,-1.2349673936559868,1.38779731653895,1.0341304965272473
6.159875974588692,2.611501026332869,-2.9640642107302053,-2.3443846635051333,0.3880153658851025,0.7957642483491921,-2.288770212968736,0.679843002677478,1.0848249059281232
5.808325630264316,2.610939207369444,-1.1011096658055788,-0.8037248883953878,-1.5624867571233052,0.14743088806302423,-0.5947343534670275,2.416528622206889,1.4101023079885489
6.783109178998225,2.561633910122723,0.982681339885787,0.30086303703588185,-2.390161701438668,-0.6436784473245254,2.365202853216953,1.316130784896604,0.4490796766274941
6.8688505922497995,1.61966869063915,0.04942623701510825,-2.414257523253283,-2.0051255261100307,0.09982666808455566,-0.12860720466528489,0.7945848154695052,1.5585665840657703
6.64001324515546,2.2945803957038358,-1.271504171520455,-2.327787677913235,-1.5335350833866703,0.9079135798641648,-1.33070895403936,-0.7697519612151092,0.1582204860050086
7.646658495812182,3.882336113872454,0.14283419543080833,0.486388545037547,-2.0064324995290743,0.013699520369902263,-0.8713819918664235,-0.5367380358869246,0.7389496449991526
7.18860003080383,1.6116237459560685,-0.4886434647055882,2.255481114121071,-0.11280379483669487,0.09937441184485249,-3.6790446940261607,-1.660556667103578,-1.738981274795587
3.6866255468849682,-6.125660941411449,0.538978535519514,-1.198939547970058,-0.8793219117645565,1.9244771742874782,-0.881377579847131,-1.7928958650664784,-4.54013124998892
4.691875299733302,-6.0933921274342815,-0.6432414339515882,-2.738483423206004,-0.9547788921576681,2.4256949212640615,-3.1762115232386487,-0.9403874535414247,-1.1298326196210435
5.613710201997505,-1.8612923147192686,-0.12458727570984016,-4.231601126048825,-0.38552631090684575,-0.702510420359532,-1.3663677782488497,1.9013049836753553,-1.6605580845235455
4.347668045063173,-1.4110449426479545,1.287952770935103,-4.84215935472499,-1.5840419072757204,-0.9914365373022928,-2.7153117077007756,1.9057852461863283,-1.318766139872329
8.0428367282856,1.1379345398403182,1.356376771977353,-0.8252795001466434,-1.5064436058819697,-0.6197122006023279,-4.126399840119283,1.1346173531290762,1.193722655199155
6.708064086607711,0.33210939425999697,2.7541489901893192,-1.5812243580814924,-1.8435229815200294,-1.4885659726461857,0.9215213111548025,1.7447131276582708,1.0954172274836997
4.9675222418803715,0.4243077029457502,1.0134399317438743,-5.223359143855438,-0.9856725340970723,-0.2313156646333076,-1.711527602453362,-0.31594140535601606,1.7309380100098655
5.092680355762101,-3.0465182647223306,5.353703463973273,-2.290526996481731,2.2787637502926557,-2.862978635369247,-1.2031282530938365,0.5740379214783016,0.7473877721247651
6.24912595092767,-2.588244143374283,1.4245841668909016,-0.05503789418553392,1.914584830614907,0.3413491183306756,-0.02149154437943144,-0.45204905342987123,1.8108253326686652
3.8099498748595995,-3.9554224276395495,0.14202076304977518,-1.0771863672881647,-0.22641504733394974,1.9390277029686926,-0.7931586569480709,-0.8950690327652466,1.3224033012350098
3.2943163366676624,-3.6465452413504966,-2.5760306188362145,-3.395942993225341,0.2961175879855862,3.328130922429249,-2.7792654826451337,-0.20731307779538524,2.988260060887902
3.047386671174455,-0.49910953638631866,-1.6005872711560571,-2.445784613686547,-1.371901948731023,1.5211623917059514,-3.142905873297833,0.31179700342858774,3.512062526444186
2.95187279375923,0.2588962956319974,1.2239354120105166,-1.2785775537735522,-1.5104601003438272,-2.137766421252559,-2.370426857942626,2.557545652585845,-0.23691236003222596
5.818194499257398,1.5502301086707495,3.4855768291791125,2.6086145286498708,-1.6326681340877711,-0.5564608289330758,-1.199983860280561,0.20558880071584623,2.40605901975032
6.797433940557929,3.043386935245503,2.951028414680315,0.7476435238554864,-2.9248976549486256,-0.4469453196377855,0.2564803702182651,0.6122336241435834,2.4495781783464223
7.897150854384406,4.120765509631004,1.8589953613001502,1.6553907889910815,-3.111538879935173,0.12658005674347123,-0.8289867036212705,-1.1364875030016228,1.0547438987753717
6.799540480340354,-1.5322618570091726,4.972123802342074,3.941350577828969,-2.8874614171560693,0.3866145166170535,-0.08605539420061661,-1.4184635640168441,-0.5829957490561629
4.3696141049902355,-6.589128703644671,1.9678232188288347,-1.0271584781603156,-1.435634876304814,1.5421729790467729,0.6710449740620399,-1.237285749987933,2.1169091813266374
2.5577871160610295,-3.7364759030184516,-3.505753411511218,-2.5972692759248623,0.1257618852103821,1.7598515779386052,-2.6466838525884495,0.15347050347524102,1.8676471324971247
1.2611240261069119,-3.0075791356021933,-1.6707850636183705,-2.6992615493440297,-2.0737849935461106,0.21499101969004977,-1.4428581568179841,1.5380163183428126,0.8020703504283361
0.9185901763542579,-3.982664040520894,1.34077772520691,-2.858075532929717,-2.1411465167823565,-0.5456843843271812,2.189855469401837,3.048956931098137,-2.2641540457317717
1.7099925669797684,-2.1806865281625982,1.2471860726563515,-5.138918875929785,-2.647269623372346,-1.008738275422344,2.1335580082109113,1.2717650258829116,-1.4653680167826388
2.2312624655790585,0.9488374136712047,0.07486773849102804,-3.5687730064938776,-2.3805781559656265,-0.949676073642973,-0.6681296450784268,-0.2786266410203448,-1.8277535327736014
0.9215851375871342,-0.8408127349901029,1.493946581772104,-3.14560848896553,-2.3378441056869677,-1.2842076690603357,0.8362677552459085,-0.4238884027693702,-1.438870331750049
1.8382890362214603,-1.9177484278421582,0.967959054690311,-1.911516463657771,-1.5491609755800013,-0.40229013325354085,-2.4090896726286135,-0.727308157938542,-1.990295257783987
2.1537762308472024,-3.6351570583806683,3.0450431571776204,-1.6706018898862645,-0.5330099883398687,-1.3202687241439395,-1.8201913025903433,0.02804573159454481,-2.426086254415208
4.4283348611536475,-1.848037331189952,2.8113127496763455,3.6675653807799256,-2.2789252178075543,0.5478715896423527,-4.909021947965644,-1.5799165660885093,-1.3497452348628989
3.6481840564022194,-4.218542169376238,0.9525962529987327,0.9450687415588656,-2.750606276042429,1.12532488553813,-4.049832596579323,-0.583198261941441,-2.2501135786117654
1.8868389327830828,-4.844020519352044,0.16757377400488843,-3.0551371536930145,-1.981526059547393,0.4000061178589674,-5.0807369770193205,-0.26637810354664343,-0.96873103122201
2.983745653516574,-2.4809264948146335,2.643084361548002,-1.9871795353253185,-1.9422777332140622,-1.4201791125355312,-3.0758703713470594,-0.24831207061914948,0.7093065417918513
3.180577124693545,0.24766064498716064,3.46233902527813,-2.096410874298316,-3.791050828694055,-0.19644962389839696,-0.25505419580668515,-1.1004677029858714,0.6290825256150078
3.6093143993786643,1.5865304094183585,3.6647741443060604,0.06147330674669431,-3.8251393226593615,-0.00438724406311362,-0.895401864989904,-1.9122670685347782,0.335093612077276
3.980671685192956,2.9844806164889826,2.1351584985432375,3.1103646690199387,-3.9614053140862917,1.917215799547516,-0.5878585300733565,-3.438061760392046,-1.1800351505352782
3.7514676397643285,2.5468875788980703,0.35333931038449135,3.2425276205784943,-1.6760134426210973,0.6710106236680093,-1.8083030500520239,-1.9527343908839676,0.537819736038695
3.359780536211544,4.1491762547744395,0.24583731849644103,4.62706144153999,-1.3602036477354866,1.3689180203983775,-0.5433401254019665,-1.7623019024851876,-0.41901118087316225
1.1393801191957373,2.414973478153456,1.5967089985149363,1.619240025722197,-2.7915378114328964,0.028843916590746976,1.1193909497821086,-0.5488509811368508,-0.20300067614283615
-0.15515137000188417,0.9921160752667151,0.7219108104949222,-0.9497304167149309,-2.789304977172882,0.2977141316318368,-0.06881658166444919,-2.0803227594052136,0.8749748036645926
-1.485540208061703,-0.17331436180259585,1.1576368006930289,-2.7629805000925125,-3.349241503779095,-1.525899641848287,1.1459977201525113,0.7395373654843782,-0.25344724157965787
-1.2680597370552158,-1.897144743792284,1.6791647103601919,-2.960013407061453,-1.8389761194408052,-2.586235799431533,1.267789069514291,1.575071030858351,-2.9801954850251415
-1.9648829795852647,-1.8475107825821024,-1.3720668863514744,-3.71410555378693,0.6095794943726415,-1.005574220961202,-0.7433865794555216,0.23653146142906475,-1.854171670090839
-2.6987114084845953,0.37371479671227054,-2.1046557673319484,-5.231477395470494,0.19839350619927631,-0.22492581754414678,-1.1973053076745843,-0.5887475739099898,-0.2859331868436964
-2.4109587474953433,0.46885632670454574,-0.3312098434947193,-3.723461417733688,-0.9326278749791824,-1.2071029054854245,-2.712168901338539,-0.1956108063508563,1.179225793839656
-1.7287417755150944,-3.64821358106723,1.0807657940502198,-0.9148309576181027,0.8833350071737657,-1.8163032356477777,-1.977035022674691,2.564967572490071,-0.035028684246738065
-2.2921943654079033,-1.1244894068501095,-2.0380096554863485,-2.931136320988748,1.8457620910390022,-1.0241588675127082,-1.4311129741059911,2.9718688193746443,1.045277999025153
-0.6915417147510735,4.828990673704232,1.080814814811546,0.4331585651627148,1.8041802324522767,-1.0896001835462912,-0.5116680406256939,-0.7785248245304323,2.066292487244577
-1.3978960940941574,1.825400884354494,3.4256694293010126,0.5252287440919696,0.9809043444591156,-0.5629126733385299,1.6442525893495927,-2.0450707484325097,0.889880615264252
-1.7491614157370432,-2.7781243821705757,1.8295550141755335,0.23516696536167114,2.4223016696818203,-0.13958603777610132,0.579664592745351,-1.5660312436835147,0.005590056383322301
-1.262404063111085,-1.5738267702750905,-2.1266642148123927,-1.7281897681506706,1.1981601404102193,1.594571648701085,-0.7250083547818225,-0.09565374385438184,2.397860751913585
-2.223975162447983,2.2019547721900126,-4.502921892470411,-4.127545061607206,0.8392125004092372,1.8353381455732165,-1.9903364643906123,-0.4535944458879515,0.9873584697836532
-2.9125877931278414,4.092170338626221,1.0942284520053245,-2.311320794747408,-0.22052630574023793,-2.1374123205709985,-2.3182416057953255,0.37479610697900606,-1.341533349631514
-1.1471906665721443,2.12526695391014,5.361649044672437,0.42619289958394835,1.8671936605649315,-2.949533073634895,-0.1743676785850126,0.6279336617561789,1.496498182414878
-0.6531268730232489,0.6959797467928938,4.110164560435509,-0.8203356234527495,0.28846015564554517,-1.8544980775405422,-0.3374889157554742,-0.22887722075773745,1.1792308949897314
0.8810153850053289,0.5196182722355837,4.793010580294343,4.460707985299689,-0.8901591287525861,-0.2955103343918499,-0.2797676521570729,-0.6632605709684635,-0.3247047476800214
-0.032262146954451516,-3.158621919379212,2.6564318645075224,3.598300121773238,-1.5593000061461553,1.789465417996042,1.0354667667664015,-1.2733889620501737,1.0412407376008452
-0.6323061513587747,-5.3273465996212614,0.5666318070241029,0.6212738498942032,-2.651439429574388,2.9966241120431896,0.13215780042228326,-0.8053619357299302,1.0662755865061682
-1.1013351176377488,-3.178250871211891,0.45305451652141043,-2.2271733980812645,-2.4716266628324512,1.5298386882272639,0.5916722771342559,0.33674338071270343,0.7816654176838534
-1.0785790342820927,-3.6028931974458613,1.9808915362865902,-3.4895651097354197,0.14095433610470395,-0.21954060237304027,-1.0013049700873984,-1.3557707566827568,1.550619668691358
0.4518380126583623,-3.07565055571924,4.217321446129049,-1.4625876002851874,1.9541620302639795,-1.643279277518561,-1.1673525875535522,-0.48393348775119865,0.8247743238829398
1.8725788809721398,-1.139558235207005,5.323056045946632,-1.6883805964756515,3.5724188209827727,-2.0190749820866807,-0.46546920413817944,-1.1428996163899934,-1.6999658615286573
1.4310998600852187,-1.67353737404115,6.968280896500817,-1.1714532139438365,3.0899956983529475,-2.1800355042209754,1.635816494866979,-1.5260252348307788,-2.1401498315842664
-0.24386870742566236,-2.86548749697331,3.791026194925408,-1.0639826489239328,0.360015756882622,-0.7364331598135616,3.4693746656799545,-0.7058600156346734,-2.766967893484564
-3.4762320572713707,-4.983411619262521,-1.614782827701215,-1.211717407613776,-1.32152153511761,2.1429246788244556,1.0501856938301952,-0.681507621745493,-1.948281495063002
-4.288212942810405,-9.239814212206495,-4.619923536118847,2.586326855453198,-1.6576039335570814,2.929008577072554,-1.4705217400299233,2.476447942483493,-2.6131049264001946
-3.5797158840458954,-10.94789007123669,-3.420737644063236,3.7420558174352543,-2.367286828910291,2.412838712966851,-1.1860819173623114,4.79844363548614,1.017223106586816
-3.1732345742885717,-7.244314108724333,-2.075002910846628,1.494758359057506,-0.18472047333512648,1.5564650513358051,0.6130679132457314,3.5682594047274434,1.7215667177638287
-3.4063112836393388,-5.554833367807558,2.0464038424084636,2.8633421733711404,4.432880370280514,-0.4393471126190145,-0.9458767839899251,1.1429358474778506,-1.0835126999743936
-1.5694816207603242,-8.143957598896616,2.394847795535183,2.6991009153046464,5.8475695596366055,-0.025543395816094064,-1.490421289327162,0.46932138598586726,-0.4764908690482586
-0.4836713559346118,-9.164102610854545,5.823393870883291,4.184127957084789,3.5636858922880816,-0.6334293447261317,3.3387320317114493,3.071010447179418,-2.769249316416839
-0.10478822585443766,-5.51388806797897,4.219412306396809,4.9360465843438455,0.12614282224124293,0.8475817020545156,1.0465342175306818,-0.6804071296018924,-0.31491641758594596
-1.7436515697927222,-2.8563657470108472,0.4734636791533659,-1.6827634679997339,-1.190323142821025,2.3668234078443926,2.6159734262874887,-2.016561771456892,2.611680867933939
-4.464905747607778,-1.4041508570534185,-0.4935761371537877,-5.109017705156398,-2.085230193925637,1.7626972985877833,1.8559186267898902,-2.1675480593283223,-0.1576702642891473
-5.32584186915797,-2.7798793788617604,-0.7501449595212354,-2.1609028881760133,-2.7784944104829066,0.9527920873598056,0.6984816501230511,-0.16661442232503457,-0.893264564699487
-4.213401462647389,-3.215839525405535,-0.7448897205086104,-3.1507912243292964,-2.7364346840390357,0.8336804366284801,-0.15593590208717287,0.04593390362919734,0.654067403616244
-4.354946396634735,-1.5683619850628163,-0.10109097621121084,-2.893232824535882,-2.0927306500748526,0.46835910285062593,-0.043573718599058654,0.10699528450955736,-0.5015178470467073
-4.43473765467556,-0.9591545412365295,-0.003957130713509978,-1.3716510708253093,-3.351825579568952,1.117350424053057,-0.07690720405594015,0.3663742580270267,0.5767006712276557
-5.224053363113112,-3.2712309955897454,-2.4869235652621406,-1.645521017413673,-1.6475583700834058,3.1993015608743254,-1.4336710845375662,-1.1310358293000033,0.7465778040319639
-5.641429228461582,-4.7423572470747155,-2.433420121945254,-2.335171847957912,-0.5004549112359785,0.4887647813142417,-1.3007700765632682,2.0581492195513102,-0.5161368607845305
-6.134054087741562,-3.9693395671624248,-2.149215410235118,-2.0837623248239088,-0.6506610699657371,-0.18437692272521997,-0.4489142856066723,2.5587257053908705,0.6046677303560677
-6.142324359580426,-2.4539600411870417,-1.4255564903354239,-1.1841180762073582,-0.027267644279314836,-0.72701815230213,0.7099917896684023,3.054606975804037,1.7783326681109874
-6.885631174801206,-2.8946483110670633,-0.6599079550473441,0.4008954527833111,-1.5845051085265167,-0.42865523640180975,1.7343117843179554,2.516221018107747,0.32686538574651586
-8.357380476499026,-1.8401340633449603,-4.583670202329766,-0.9623118132843772,-1.3506487455227048,1.1094448028183814,-0.785628634905467,1.9579110928538945,1.8317485916221223
-9.203295742309905,-1.0590921518516057,-1.712621018841193,2.0425983662778338,-2.8092877640562643,0.6033946829063279,0.9394186796169643,1.575861450487619,0.9817828046986182
-9.129213177333279,-1.03022466513965,-5.873017982528606,-0.48425775611784816,-1.20714401666728,2.478609170598107,-2.808779932173646,1.132075523543637,1.555808650893677
-10.247215996094688,-2.0492345003547765,-3.29265520542853,-0.7563104964867232,-1.388523456575218,0.28827329390819645,0.9702831433669653,0.7991262856540109,-1.7306582226815235
-11.06188731750633,0.454251967112923,-2.3773089459592414,1.6689107233183353,-0.3915426740306906,-0.44094422973461783,0.12109368661662008,0.39288275605454515,-2.727857063639963
-11.673670253350036,-2.017103005927016,-5.0631824195480295,0.7183790206207418,1.8317340304725465,0.9365622822009614,-0.8584964026637592,-2.060128250599522,-2.4986970594642997
-11.31845636266744,-0.8291728147589532,-3.5005073958566566,-0.5344712725769384,-1.9193133009263925,-0.15287219156578696,0.7011103230950727,0.10761490029719108,0.05718058747566752
-11.20191802527205,0.31334225798493864,-3.1982990114813514,-1.3611682710791426,-1.561205319287735,-0.6109963138543313,-0.3207095306800416,0.5223633067008208,1.9917355855245273
-10.269127690140218,1.2033026445317685,0.312898904079532,1.1685623127979312,2.185310945274503,-2.1908096038763016,-1.0872260918612078,-0.7332515835571196,-0.38549427513566326
-9.811528528063393,-2.7702794809435125,1.1183720743943053,2.490060496471784,1.126539860613738,0.5023230584143056,1.0302361001293814,-0.35029127336523175,0.0585742326936411
-9.210111258677935,-4.984575644654746,-3.3156497816038004,0.08768251492231041,-2.602608496229817,4.445513241340962,0.9415116967967431,-1.1577043393900217,0.1446995480429743
-8.429961760101884,-4.381522447585901,-2.0658942303253345,1.5066468514145692,-2.781217059503461,3.0440130418483204,1.4895209797065732,-0.840730320833206,-1.3356528296281418
-7.692936307553092,-4.61804877113943,-1.376817421632048,0.3402984879338092,-0.5202257555569095,2.5502945088016733,1.2211357198635209,-0.10706763001793049,-1.390487055853261
-7.796064834848464,0.720991499221226,-1.3582804501651575,-2.502466458827045,1.88296943931068,-0.17483082508478068,0.6816335571704805,0.6175381803089509,1.0721215964312953
-8.038726794895632,2.3220419475764147,2.061596627689877,-3.3325094662790486,1.2883492451597387,-1.4386233502047985,2.329127713059641,-0.31223969448771477,1.2228030675816746
-8.093531434806756,-0.007898023092953572,2.0895182615555266,-2.094842410901671,2.1581901762999443,-1.7398208733554825,0.43604346645839676,0.9388084762917404,0.6077294453004064
-7.5809763853616685,0.8576076775985516,-1.1615164500402164,-1.5154622500292423,1.7517230303505773,-0.6514628749330986,0.17342346868589997,0.5333333355581036,-1.013994888865519
-9.977899966405529,3.5262697107246193,-0.9124044318560344,-1.002452309578287,-1.3054268672495037,-0.8314208544755528,0.8232064070988604,0.6355211862485807,-0.32392502624008807
-10.856622092974808,5.053787648502592,-0.6055841402895474,-2.889871792592571,0.2767517950335325,-2.1432718641017776,1.2235026046147688,0.42962811876552565,-0.44898227207361885
-11.227574999478858,5.3865290724086545,-1.089133362275099,-2.8409513905485824,0.6049358819000754,-2.5608744793589646,-0.08722132252784945,0.6095144983321029,0.28294655254887624
-11.432296897499139,-0.739527418934128,1.1419736383188783,1.3131710651908246,2.009657743042659,-3.557308931820465,-0.05115901134894726,3.639321507983741,1.2468991252761679
-11.82529252464093,-2.908408436990136,-3.413866954617892,1.500755012226016,-0.48470952539164813,-0.7163858010289776,-0.9711872023142913,2.408599875736532,2.0890447261349268
-12.12704089718784,-2.36739397472047,-2.457239851755422,3.9767049794123097,-2.0418949018860317,-0.9018053369366362,-0.9917965383404093,3.164056542689291,-0.03142458892913234
-11.472232088891996,-4.206339828065754,-0.6819274607317047,5.228556459405206,-0.8912731349721171,-0.22653189206108873,1.7100883262001354,2.705957060819065,0.41805424920587325
-10.780042298355966,-1.4019341003691133,-2.538953211331928,3.139375540706693,-2.9789477755910068,0.2830485870998927,1.7056966593527674,1.967714516048928,0.7506454922588495
-10.640327700951804,-3.443385974348694,-1.571163173727928,2.244138922025699,-4.492445097897491,1.7936210708120262,2.796130893470487,-0.14515895610613816,-1.2353966217623882
-10.046651500310798,-4.926629853364981,-1.8898799139741331,1.920883397595556,-3.4763183316367856,2.922609922350856,1.5680773886641892,0.14382004332394424,-1.9306121400097846
-9.648820833261853,-5.980435653980316,-3.0976567585312482,0.5990585247894642,-0.5026268976625861,2.6146851188337434,0.8985686478461637,0.5821432328196433,-1.35332174979517
-9.727648217128207,-4.73782167246338,-3.7537457188192747,-1.9243238623937444,1.9051436068414094,0.7083335355510879,0.73918654083366,0.10498048161237511,-0.1549118635442211
-10.864487299464768,1.0121488862316859,-3.8279875015617875,-2.969173706750764,-0.508713948403767,-1.175593131150686,0.9261607461285483,0.2568068240147603,0.9446127670427098
-11.33537701913763,3.417412970110664,-1.0092962588715222,-2.6189833627742063,-0.36868841013078046,-3.1224856936412517,0.46710151116904897,2.3220532229536235,1.5111400985217227
-11.2701537595291,3.406932546771912,0.9785482094475032,-0.7199389506710193,-0.6044058018539756,-3.676794013434708,0.30314530880861795,1.5729228411953282,0.5431636510226203
-10.526459433714253,2.7005119892236022,0.8829276629899813,-0.9413495571181314,-1.8117082536338085,-2.3138699732339125,0.2656140491036821,-0.720173381775495,-0.358880035914718
-9.946236101059423,2.65559466091914,1.0556626597814802,-2.4736183508852827,-2.7931733406902235,-2.097320298095549,1.2759962034657715,0.25443595294295757,0.0364447744915497
-10.052711010662085,4.47588845508666,1.011913361248404,-1.1156000526028769,-3.708114776384447,-1.451743180219814,0.5776309879681091,0.08041238438208347,0.25462965938205673
-10.469166755925617,2.436239968878377,2.6332232987090936,-2.090233613526983,-2.392690185333875,-2.17804241439804,0.9292697024805912,0.26208765290940156,-0.0003593657300235585
-3.634532927711402,-3.843590483969264,5.408948273245003,-0.4369585981929052,2.6796707752165796,-2.0137452892756045,-0.9238674258308749,-0.7567146413664049,-1.0398669815679913
-3.599914939962568,-2.9687385662124277,1.481447795187697,-0.9425615380213528,2.286199982152673,1.6995454665122578,-0.02199635148358121,-1.0691123799498123,1.8952002834896016
-3.8620065166300424,-2.76111031635008,4.755401880096688,2.2049607133272597,6.196116322875392,-1.363686670993896,-2.9248964759552343,-1.209686224917457,-0.7644752694179192
-3.8669153592936674,-2.2797781592635284,2.678075456435434,-0.3664130281660815,6.557508662290779,-1.047389513853742,-1.5248097335800042,-0.16746628257476798,0.3394117147549806
-5.038624994355186,-6.6785646936327305,0.5906481722050738,1.3244657241900093,10.001100462667601,-0.35991746740377895,-1.7141843087216582,2.267000777956114,-1.6882817873321752
-5.092776440237702,-0.503023418162556,-0.7309426125829511,-1.8442840125358224,4.539565218515174,-0.6858781475685208,0.3433174173906015,1.6910386737775795,0.3928591202033422
-5.130856912006469,-0.9224359067538341,1.9884716738960364,-2.592206085672763,4.774615382405951,-1.72953687754253,0.41521747126971104,0.5193536835056908,0.43832224533023967
-5.391862097499278,0.6779725853724715,0.8950512101510109,-4.342777699092136,2.5699386371346327,-2.446989195862338,-0.3531596677423167,1.7556617416184122,-0.2413595071218612
-5.505557728573663,1.6408738405409775,2.5819413524353636,-4.9269350740782265,0.9220191444369672,-2.455133109746924,-0.025112555940380626,0.585997142371098,0.5761980215954363
3.133112547337124,-4.387744111114579,2.0220938826689063,0.9212895269562766,-1.6742890824940484,-0.5265433043845177,-0.947735930269558,-0.06607907918657521,-0.9283416056557932
2.2086829849219414,-8.251116064521629,-0.23414725704496098,2.056415359583556,-2.9958251462843637,3.1319487193413607,-1.5527678864741237,-1.4509482107449643,-2.0454083513457575
2.361833094324933,-9.278697076368749,0.5255678660344691,1.080515281656932,-1.6781808145955124,2.7920049155813156,-1.9410049655173216,-0.2531804970341822,-1.1262091863754837
3.0756791935370944,-7.3161020848554195,0.7459293793425176,3.0257816073827413,1.5789298382339003,2.3254905946714,-2.1010417693326646,0.10430027980464927,1.694843267770764
2.813935784188843,-5.615251303921284,1.160946949980105,-0.46337658912998875,1.4152070678699082,0.6093248678329913,-0.4792297047844358,-1.376689673824177,-0.24017124615360744
2.7777252204492964,-5.281470299382467,2.022035553999468,-0.11721272203572776,2.247751031574645,0.19002728993630982,-1.3543863222942694,-0.28106807744847917,1.769153206848928
2.4003187110882536,-3.2412900565950387,0.9369652035340496,-2.9642512684183497,1.9563716397917212,-0.08592713226026923,-2.8076829779232604,-0.38659830297292996,1.644008596019588
2.6788488576386307,-1.7907926893969581,4.032038110453556,-0.8280022039369714,0.9740188698127823,-1.7620542738000626,-0.6793554936789511,0.1530082370961297,0.01549584037012462
3.1189528040310526,-0.5026527118601879,2.618272618109719,-2.274895072756896,-1.158029137015408,-1.007059932204371,0.6890838762310072,-0.6916838088691476,-0.015247202161363802
2.148008470677407,-0.7697261037564006,1.7816764133493466,-3.008675662199164,0.533784785498579,0.24595519230031335,-0.791975731853048,-2.0938951769717895,3.675081798992389
1.2858668740648993,-0.5729994982736429,-0.6513112746397471,-3.9863503670520912,1.0945543780333147,1.1848333253584427,-0.535316679008797,-2.1635081098851985,1.7532108474133123
-0.08376329506422046,-0.29441270107463197,-1.1068082771349654,-4.0623531545808,-0.39104576760076704,-0.5139014678905268,-0.43169361853772587,0.22565148255222992,-0.8305722761591746
0.10816468468441125,-0.5673956924405822,-1.5370834638093966,-1.9068334414282841,-0.40287203220311124,-0.23161309730900098,-1.2261932975343137,0.1474133119504381,-1.0899537691112098
0.32650934163394507,-0.031241717179540655,-0.24622635685945143,-1.8035215411532248,-0.6533896816924619,-0.48684794093134975,1.6754214702684629,1.177343206734678,-0.43879783905861597
-0.22406840158540378,-0.9849888806999211,-1.4205125495413096,-4.404124752454005,0.2563986192021755,0.24221516308072097,0.037639692543507894,-1.75692044197873,-0.8854032054166557
-0.4855357059662132,-0.10759911271251585,-1.1501721026929197,-4.49184132118428,-0.19821596365923524,-0.010678018335510412,0.4181694798804524,-0.8997728804445299,-0.546343540018257
-0.8508495573682295,0.3672319903262678,0.31792554089701563,-3.8108682534444873,-2.1415707882468222,-0.7957440377929261,0.42038976596691824,-1.1812952514302444,-0.30736272304134576
-0.04041303898133632,1.1990405883050175,1.3614651960794397,-2.6652935597683167,-1.0330318280878794,-1.430906898898646,2.2139690096401314,-0.013755705477316983,-0.43585902602335364
1.1942060765940838,2.0087874761997715,2.708224362989857,-0.03303761537142767,-1.411720036541634,-0.9510179418062357,0.0549525398704938,-1.0412922265715103,0.28965664070969194
0.511387107522204,-2.483522808079471,4.726955233565572,2.8325806459455407,-1.4744103771571315,0.8340708637006672,0.047332944062121685,-2.36835336952553,0.4261493915611293
2.831954639712934,-4.00902209703211,4.990776273437162,3.149309164883138,0.9285760924388211,0.756216395358903,-1.1126415857570495,-2.9443107845317362,0.3408097906162214
3.1899119964302898,-2.4363993669121515,3.732202326932229,1.0538027888695056,-0.41274883697368264,0.9002084629709562,1.042330690293406,-2.282441733125787,1.343912538439613
1.7796408957863952,-4.049282173729869,2.4483214135281375,-1.5936728132402136,-0.3910546734387665,1.6040015454570347,1.4727907919221581,-2.27381166129895,-0.011032956434207711
0.8277837432476404,-3.4992924645638763,3.5886780089170323,-1.1641997379906597,1.956605880705979,-0.26180583645640115,-3.0799810989448395,-2.481674350119381,0.20304558304681258
1.149508738461586,-4.84693275218321,2.7750254560765084,2.5773111433791054,-0.42722086016321037,1.1161492432901996,-1.348052591892744,-1.1622324518571958,0.4545011269448934
0.534576242493392,-5.578237096562119,-0.35398501922184955,-1.2301200471148994,1.6347568976570157,2.5718063097261834,-1.2161412648300014,-2.1469983574093625,3.0210200364981503
0.3485715864462988,-4.974277605542572,1.9662587328627756,0.08531753420402406,1.2201343780775855,1.2203296280598002,-2.136454678665381,-2.8983078430232694,2.051248088598377
0.738620966058564,-2.6833700420388094,3.13107247037215,1.3824825389777236,1.4410323340872946,-0.08848807734486369,-0.19127138626477463,-1.259724495804412,0.07201103551220302
0.637673980455247,-1.952898051116824,2.52173156149941,-2.1585591801895156,2.3523164493617372,-0.4189888499753878,-0.4083483745233784,-1.6626165668927566,-1.2667780406784177
0.8589686696658624,-1.139445739900267,4.29091547704248,-2.4824096827971855,1.161549125452937,-1.735201168635282,-1.652461015122789,-1.1986389665370254,0.27866912793971793
2.2612974203850755,0.5898837641378454,5.144592685866245,0.0504778321894363,-0.580152064501223,-1.2018420282817521,-2.210080550869515,-1.5113946072350601,-0.410487316968382
-0.6242575225314063,0.7789146669612282,3.861983921449754,-0.7808466423375564,0.41637287101835324,-1.5624148669866478,-1.0085750152008535,-2.136513327712615,1.5328891267635503
-0.8507040956858027,-1.9259034651454743,4.808930386039895,0.6808643798954456,3.2732592599761627,-1.981369209659428,-0.23804535077583985,-1.6353054762741757,0.937341238361916
-1.2970696056597275,-3.3430028811394337,3.214802536023618,0.8564651209167718,2.9852649078432765,-0.9473479510324606,-0.49444819713951793,-2.477209651807726,1.264520177493377
-2.5582689856632417,-5.135639346426217,0.40387063514517557,2.433525746413555,1.183461916788534,1.0016314055869446,1.7796731736639897,-1.355007731203248,-0.03829632892850946
-3.6797134996006124,-2.5417482589278113,-2.433192819067453,0.7175831654113026,3.6834687664406616,1.6758321373710099,0.5920320243028656,-0.4562897737652342,3.3069620151560875
-5.084928884447884,1.7535258026315188,-1.367967360297521,-0.3425407440829741,1.5187155619519412,-0.5705554741879115,0.24355998926922015,-1.414127195116493,1.3740446896359508
-5.241731502147087,0.14266523016584082,1.4722233538682958,0.6722132879130827,2.6978296223992695,-1.8827031452862026,-0.5678262465779227,-0.852388093515557,2.664849973040084
-5.494020746122413,-1.9871769925382468,2.1520218941476177,2.5405478791299148,2.862821321862877,-1.9576816304147755,-0.2339741098304573,-0.11554071987731426,0.45841763269499936
-4.891983872468968,-1.8436881022416127,-1.791331139596885,1.9032879099608393,1.5875062636030597,0.09538799416678012,-1.153416252809166,-0.015051643694361577,2.203023061189353
